pose_name,url
Stim_uparam_1_Viewpoint_1_scale_96,https://maastrichtuniversity.eu.qualtrics.com/ControlPanel/Graphic.php?IM=IM_6rLzMkIcIRqLvRY
Stim_uparam_1_Viewpoint_2_scale_96,https://maastrichtuniversity.eu.qualtrics.com/ControlPanel/Graphic.php?IM=IM_6u7FSBMw1GC9nHU
Stim_uparam_1_Viewpoint_3_scale_96,https://maastrichtuniversity.eu.qualtrics.com/ControlPanel/Graphic.php?IM=IM_djqGrOjoqNZjOfk
Stim_uparam_100_Viewpoint_1_scale_96,https://maastrichtuniversity.eu.qualtrics.com/ControlPanel/Graphic.php?IM=IM_9QTttvSvNUz3ng2
Stim_uparam_100_Viewpoint_2_scale_96,https://maastrichtuniversity.eu.qualtrics.com/ControlPanel/Graphic.php?IM=IM_bpaYJyubNchUSQm
Stim_uparam_100_Viewpoint_3_scale_96,https://maastrichtuniversity.eu.qualtrics.com/ControlPanel/Graphic.php?IM=IM_8JngUCm4JEiihoO
Stim_uparam_101_Viewpoint_1_scale_96,https://maastrichtuniversity.eu.qualtrics.com/ControlPanel/Graphic.php?IM=IM_0uYpEbFnzyd1mwS
Stim_uparam_101_Viewpoint_2_scale_96,https://maastrichtuniversity.eu.qualtrics.com/ControlPanel/Graphic.php?IM=IM_2ggQDpRojH8Fyce
Stim_uparam_101_Viewpoint_3_scale_96,https://maastrichtuniversity.eu.qualtrics.com/ControlPanel/Graphic.php?IM=IM_0VRZ1WCKPtstxYi
Stim_uparam_102_Viewpoint_1_scale_96,https://maastrichtuniversity.eu.qualtrics.com/ControlPanel/Graphic.php?IM=IM_8rhyYFt0cM1oPky
Stim_uparam_102_Viewpoint_2_scale_96,https://maastrichtuniversity.eu.qualtrics.com/ControlPanel/Graphic.php?IM=IM_6zokH5lQ9n0j0Cq
Stim_uparam_102_Viewpoint_3_scale_96,https://maastrichtuniversity.eu.qualtrics.com/ControlPanel/Graphic.php?IM=IM_cVjQh7dejzCu3C6
Stim_uparam_107_Viewpoint_1_scale_8,https://maastrichtuniversity.eu.qualtrics.com/ControlPanel/Graphic.php?IM=IM_8IaN3eaRjLKws5M
Stim_uparam_107_Viewpoint_2_scale_8,https://maastrichtuniversity.eu.qualtrics.com/ControlPanel/Graphic.php?IM=IM_1TUpJF60IDMoXwa
Stim_uparam_107_Viewpoint_3_scale_8,https://maastrichtuniversity.eu.qualtrics.com/ControlPanel/Graphic.php?IM=IM_bqHFzRfbkPRZdyu
Stim_uparam_109_Viewpoint_1_scale_96,https://maastrichtuniversity.eu.qualtrics.com/ControlPanel/Graphic.php?IM=IM_b3nvtKhdJgkDrN4
Stim_uparam_109_Viewpoint_2_scale_96,https://maastrichtuniversity.eu.qualtrics.com/ControlPanel/Graphic.php?IM=IM_er1odODETPmneMS
Stim_uparam_109_Viewpoint_3_scale_96,https://maastrichtuniversity.eu.qualtrics.com/ControlPanel/Graphic.php?IM=IM_9z3qlnnjnGNN3iC
Stim_uparam_111_Viewpoint_1_scale_8,https://maastrichtuniversity.eu.qualtrics.com/ControlPanel/Graphic.php?IM=IM_5b69E7T8zZlDONU
Stim_uparam_111_Viewpoint_2_scale_8,https://maastrichtuniversity.eu.qualtrics.com/ControlPanel/Graphic.php?IM=IM_ehZqKTWKdTk3hKC
Stim_uparam_111_Viewpoint_3_scale_8,https://maastrichtuniversity.eu.qualtrics.com/ControlPanel/Graphic.php?IM=IM_0jIowYA0Y1Pft0a
Stim_uparam_112_Viewpoint_1_scale_32,https://maastrichtuniversity.eu.qualtrics.com/ControlPanel/Graphic.php?IM=IM_0GpjRw9vc9nkPNY
Stim_uparam_112_Viewpoint_2_scale_32,https://maastrichtuniversity.eu.qualtrics.com/ControlPanel/Graphic.php?IM=IM_51lIBIclg1VCmVM
Stim_uparam_112_Viewpoint_3_scale_32,https://maastrichtuniversity.eu.qualtrics.com/ControlPanel/Graphic.php?IM=IM_3rqgFLxWzLuOfDU
Stim_uparam_113_Viewpoint_1_scale_8,https://maastrichtuniversity.eu.qualtrics.com/ControlPanel/Graphic.php?IM=IM_8unwvt6Aiy6TMuG
Stim_uparam_113_Viewpoint_2_scale_8,https://maastrichtuniversity.eu.qualtrics.com/ControlPanel/Graphic.php?IM=IM_9Xhee32Ur2fMDau
Stim_uparam_113_Viewpoint_3_scale_8,https://maastrichtuniversity.eu.qualtrics.com/ControlPanel/Graphic.php?IM=IM_2ah2pjFWAhnxuui
Stim_uparam_114_Viewpoint_1_scale_8,https://maastrichtuniversity.eu.qualtrics.com/ControlPanel/Graphic.php?IM=IM_3E5uxxnMTkr2xYG
Stim_uparam_114_Viewpoint_2_scale_8,https://maastrichtuniversity.eu.qualtrics.com/ControlPanel/Graphic.php?IM=IM_1ZYBo43vVCQRULY
Stim_uparam_114_Viewpoint_3_scale_8,https://maastrichtuniversity.eu.qualtrics.com/ControlPanel/Graphic.php?IM=IM_8pHNM9pWWP7p3hA
Stim_uparam_115_Viewpoint_1_scale_8,https://maastrichtuniversity.eu.qualtrics.com/ControlPanel/Graphic.php?IM=IM_009lsbK6DuEhFae
Stim_uparam_115_Viewpoint_2_scale_8,https://maastrichtuniversity.eu.qualtrics.com/ControlPanel/Graphic.php?IM=IM_3QqwyF1h4BIUJXU
Stim_uparam_115_Viewpoint_3_scale_8,https://maastrichtuniversity.eu.qualtrics.com/ControlPanel/Graphic.php?IM=IM_6LmeWinDSEFBAl8
Stim_uparam_118_Viewpoint_1_scale_32,https://maastrichtuniversity.eu.qualtrics.com/ControlPanel/Graphic.php?IM=IM_1N3VjyuKKrZVkUe
Stim_uparam_118_Viewpoint_2_scale_32,https://maastrichtuniversity.eu.qualtrics.com/ControlPanel/Graphic.php?IM=IM_4GXpAst4ACvtL4q
Stim_uparam_118_Viewpoint_3_scale_32,https://maastrichtuniversity.eu.qualtrics.com/ControlPanel/Graphic.php?IM=IM_bjsc9WkrbqulsuG
Stim_uparam_119_Viewpoint_1_scale_8,https://maastrichtuniversity.eu.qualtrics.com/ControlPanel/Graphic.php?IM=IM_5BCyWH7nQkeABIq
Stim_uparam_119_Viewpoint_2_scale_8,https://maastrichtuniversity.eu.qualtrics.com/ControlPanel/Graphic.php?IM=IM_3KjrRk0tRL3kUjI
Stim_uparam_119_Viewpoint_3_scale_8,https://maastrichtuniversity.eu.qualtrics.com/ControlPanel/Graphic.php?IM=IM_cumdwm4Tf0msGrA
Stim_uparam_122_Viewpoint_1_scale_8,https://maastrichtuniversity.eu.qualtrics.com/ControlPanel/Graphic.php?IM=IM_bJwCkY9YPMwBjdc
Stim_uparam_122_Viewpoint_2_scale_8,https://maastrichtuniversity.eu.qualtrics.com/ControlPanel/Graphic.php?IM=IM_4NEXF4wC3Y3Pi86
Stim_uparam_122_Viewpoint_3_scale_8,https://maastrichtuniversity.eu.qualtrics.com/ControlPanel/Graphic.php?IM=IM_3sh8kl2gyDp5dZk
Stim_uparam_123_Viewpoint_1_scale_8,https://maastrichtuniversity.eu.qualtrics.com/ControlPanel/Graphic.php?IM=IM_5mVVAJWmmNGINjo
Stim_uparam_123_Viewpoint_2_scale_8,https://maastrichtuniversity.eu.qualtrics.com/ControlPanel/Graphic.php?IM=IM_54F0Lg0yOkE4I8m
Stim_uparam_123_Viewpoint_3_scale_8,https://maastrichtuniversity.eu.qualtrics.com/ControlPanel/Graphic.php?IM=IM_1EPgWl5e0gOfYLs
Stim_uparam_124_Viewpoint_1_scale_8,https://maastrichtuniversity.eu.qualtrics.com/ControlPanel/Graphic.php?IM=IM_eRmOviWRZbWwOua
Stim_uparam_124_Viewpoint_2_scale_8,https://maastrichtuniversity.eu.qualtrics.com/ControlPanel/Graphic.php?IM=IM_0CK6b0xiO90InIi
Stim_uparam_124_Viewpoint_3_scale_8,https://maastrichtuniversity.eu.qualtrics.com/ControlPanel/Graphic.php?IM=IM_4JCPU3k6IJQQIL4
Stim_uparam_127_Viewpoint_1_scale_32,https://maastrichtuniversity.eu.qualtrics.com/ControlPanel/Graphic.php?IM=IM_3vILe6snh0HWgGa
Stim_uparam_127_Viewpoint_2_scale_32,https://maastrichtuniversity.eu.qualtrics.com/ControlPanel/Graphic.php?IM=IM_cGQvtNsYUx8s9D0
Stim_uparam_127_Viewpoint_3_scale_32,https://maastrichtuniversity.eu.qualtrics.com/ControlPanel/Graphic.php?IM=IM_5A27LvrBNX4cdf0
Stim_uparam_13_Viewpoint_1_scale_96,https://maastrichtuniversity.eu.qualtrics.com/ControlPanel/Graphic.php?IM=IM_aW48y9bkruWVn7M
Stim_uparam_13_Viewpoint_2_scale_96,https://maastrichtuniversity.eu.qualtrics.com/ControlPanel/Graphic.php?IM=IM_9MmIFtbaH3N3Fxs
Stim_uparam_13_Viewpoint_3_scale_96,https://maastrichtuniversity.eu.qualtrics.com/ControlPanel/Graphic.php?IM=IM_ddoe6HQyfvokyV0
Stim_uparam_130_Viewpoint_1_scale_8,https://maastrichtuniversity.eu.qualtrics.com/ControlPanel/Graphic.php?IM=IM_eJUlZDFpphKI7Ay
Stim_uparam_130_Viewpoint_2_scale_8,https://maastrichtuniversity.eu.qualtrics.com/ControlPanel/Graphic.php?IM=IM_6xTWOB4v7a6jSLk
Stim_uparam_130_Viewpoint_3_scale_8,https://maastrichtuniversity.eu.qualtrics.com/ControlPanel/Graphic.php?IM=IM_4NMsRNY1bYDWbmS
Stim_uparam_132_Viewpoint_1_scale_8,https://maastrichtuniversity.eu.qualtrics.com/ControlPanel/Graphic.php?IM=IM_2n5cnQl9SUQOMrs
Stim_uparam_132_Viewpoint_2_scale_8,https://maastrichtuniversity.eu.qualtrics.com/ControlPanel/Graphic.php?IM=IM_6MuOr1h4M9O0VtI
Stim_uparam_132_Viewpoint_3_scale_8,https://maastrichtuniversity.eu.qualtrics.com/ControlPanel/Graphic.php?IM=IM_74e8DZF7PUrmw5w
Stim_uparam_134_Viewpoint_1_scale_8,https://maastrichtuniversity.eu.qualtrics.com/ControlPanel/Graphic.php?IM=IM_9AyztAEcvm6Vppc
Stim_uparam_134_Viewpoint_2_scale_8,https://maastrichtuniversity.eu.qualtrics.com/ControlPanel/Graphic.php?IM=IM_8015QvtfvQNiCWO
Stim_uparam_134_Viewpoint_3_scale_8,https://maastrichtuniversity.eu.qualtrics.com/ControlPanel/Graphic.php?IM=IM_20sSzpupyjglbwO
Stim_uparam_135_Viewpoint_1_scale_8,https://maastrichtuniversity.eu.qualtrics.com/ControlPanel/Graphic.php?IM=IM_1GOiuxpMEiFgXdQ
Stim_uparam_135_Viewpoint_2_scale_8,https://maastrichtuniversity.eu.qualtrics.com/ControlPanel/Graphic.php?IM=IM_1AhXBWmYckHgVv0
Stim_uparam_135_Viewpoint_3_scale_8,https://maastrichtuniversity.eu.qualtrics.com/ControlPanel/Graphic.php?IM=IM_0GjpKGUOHcKBd7U
Stim_uparam_136_Viewpoint_1_scale_32,https://maastrichtuniversity.eu.qualtrics.com/ControlPanel/Graphic.php?IM=IM_0CE8sJxuSUXRRrM
Stim_uparam_136_Viewpoint_2_scale_32,https://maastrichtuniversity.eu.qualtrics.com/ControlPanel/Graphic.php?IM=IM_b8h95ZW7KUfVzTg
Stim_uparam_136_Viewpoint_3_scale_32,https://maastrichtuniversity.eu.qualtrics.com/ControlPanel/Graphic.php?IM=IM_6KcqdaUqBJSZTlc
Stim_uparam_137_Viewpoint_1_scale_8,https://maastrichtuniversity.eu.qualtrics.com/ControlPanel/Graphic.php?IM=IM_emOXHZy7CBrbcG2
Stim_uparam_137_Viewpoint_2_scale_8,https://maastrichtuniversity.eu.qualtrics.com/ControlPanel/Graphic.php?IM=IM_1RoGYp65qdYvdQy
Stim_uparam_137_Viewpoint_3_scale_8,https://maastrichtuniversity.eu.qualtrics.com/ControlPanel/Graphic.php?IM=IM_4NkgyAbZ89MsM7A
Stim_uparam_138_Viewpoint_1_scale_32,https://maastrichtuniversity.eu.qualtrics.com/ControlPanel/Graphic.php?IM=IM_a042wpwr8e9lYmG
Stim_uparam_138_Viewpoint_2_scale_32,https://maastrichtuniversity.eu.qualtrics.com/ControlPanel/Graphic.php?IM=IM_3vYWPU1CpJ2g2V0
Stim_uparam_138_Viewpoint_3_scale_32,https://maastrichtuniversity.eu.qualtrics.com/ControlPanel/Graphic.php?IM=IM_6nZTCzBWmUwoAfA
Stim_uparam_140_Viewpoint_1_scale_8,https://maastrichtuniversity.eu.qualtrics.com/ControlPanel/Graphic.php?IM=IM_dmKCeG9noKBJRj0
Stim_uparam_140_Viewpoint_2_scale_8,https://maastrichtuniversity.eu.qualtrics.com/ControlPanel/Graphic.php?IM=IM_e9XjABZOYpANyoC
Stim_uparam_140_Viewpoint_3_scale_8,https://maastrichtuniversity.eu.qualtrics.com/ControlPanel/Graphic.php?IM=IM_bEPltSlAIJwwru6
Stim_uparam_141_Viewpoint_1_scale_32,https://maastrichtuniversity.eu.qualtrics.com/ControlPanel/Graphic.php?IM=IM_5hGYwWCGqc5HkfI
Stim_uparam_141_Viewpoint_2_scale_32,https://maastrichtuniversity.eu.qualtrics.com/ControlPanel/Graphic.php?IM=IM_5bx9BNZULGgisnA
Stim_uparam_141_Viewpoint_3_scale_32,https://maastrichtuniversity.eu.qualtrics.com/ControlPanel/Graphic.php?IM=IM_a9vp7H2B9J8hlUq
Stim_uparam_143_Viewpoint_1_scale_96,https://maastrichtuniversity.eu.qualtrics.com/ControlPanel/Graphic.php?IM=IM_eM9pffAOhuChORw
Stim_uparam_143_Viewpoint_2_scale_96,https://maastrichtuniversity.eu.qualtrics.com/ControlPanel/Graphic.php?IM=IM_85LpEcVcXSL3SyG
Stim_uparam_143_Viewpoint_3_scale_96,https://maastrichtuniversity.eu.qualtrics.com/ControlPanel/Graphic.php?IM=IM_0dpRjtvsQQAyzfU
Stim_uparam_145_Viewpoint_1_scale_8,https://maastrichtuniversity.eu.qualtrics.com/ControlPanel/Graphic.php?IM=IM_cBhDhVYeN9Gs2xM
Stim_uparam_145_Viewpoint_2_scale_8,https://maastrichtuniversity.eu.qualtrics.com/ControlPanel/Graphic.php?IM=IM_3eNnEraizrQzT2S
Stim_uparam_145_Viewpoint_3_scale_8,https://maastrichtuniversity.eu.qualtrics.com/ControlPanel/Graphic.php?IM=IM_cNHlyIL7J5fH25w
Stim_uparam_146_Viewpoint_1_scale_96,https://maastrichtuniversity.eu.qualtrics.com/ControlPanel/Graphic.php?IM=IM_3rxM8DRMsM31sHk
Stim_uparam_146_Viewpoint_2_scale_96,https://maastrichtuniversity.eu.qualtrics.com/ControlPanel/Graphic.php?IM=IM_9ZTly3KXGpgSUFo
Stim_uparam_146_Viewpoint_3_scale_96,https://maastrichtuniversity.eu.qualtrics.com/ControlPanel/Graphic.php?IM=IM_0VO2cXeQte25fXo
Stim_uparam_15_Viewpoint_1_scale_96,https://maastrichtuniversity.eu.qualtrics.com/ControlPanel/Graphic.php?IM=IM_ehRZb3ucvh7HIUu
Stim_uparam_15_Viewpoint_2_scale_96,https://maastrichtuniversity.eu.qualtrics.com/ControlPanel/Graphic.php?IM=IM_6DSPStgWj2tlJA2
Stim_uparam_15_Viewpoint_3_scale_96,https://maastrichtuniversity.eu.qualtrics.com/ControlPanel/Graphic.php?IM=IM_eVym6XIz2G27Ors
Stim_uparam_150_Viewpoint_1_scale_32,https://maastrichtuniversity.eu.qualtrics.com/ControlPanel/Graphic.php?IM=IM_cAOxd2FfaOEltxc
Stim_uparam_150_Viewpoint_2_scale_32,https://maastrichtuniversity.eu.qualtrics.com/ControlPanel/Graphic.php?IM=IM_cByZf4WXGRbdWey
Stim_uparam_150_Viewpoint_3_scale_32,https://maastrichtuniversity.eu.qualtrics.com/ControlPanel/Graphic.php?IM=IM_e2JM8beJchnAz7E
Stim_uparam_151_Viewpoint_1_scale_8,https://maastrichtuniversity.eu.qualtrics.com/ControlPanel/Graphic.php?IM=IM_6ze4mxaVhmOYZg2
Stim_uparam_151_Viewpoint_2_scale_8,https://maastrichtuniversity.eu.qualtrics.com/ControlPanel/Graphic.php?IM=IM_erZuzmi3am3yc2a
Stim_uparam_151_Viewpoint_3_scale_8,https://maastrichtuniversity.eu.qualtrics.com/ControlPanel/Graphic.php?IM=IM_1KXuzIRAdPGcaV0
Stim_uparam_154_Viewpoint_1_scale_32,https://maastrichtuniversity.eu.qualtrics.com/ControlPanel/Graphic.php?IM=IM_em30qlqnrxpreJw
Stim_uparam_154_Viewpoint_2_scale_32,https://maastrichtuniversity.eu.qualtrics.com/ControlPanel/Graphic.php?IM=IM_b2wQg5qboi7oAvk
Stim_uparam_154_Viewpoint_3_scale_32,https://maastrichtuniversity.eu.qualtrics.com/ControlPanel/Graphic.php?IM=IM_3aBillj4uK4kdqS
Stim_uparam_155_Viewpoint_1_scale_96,https://maastrichtuniversity.eu.qualtrics.com/ControlPanel/Graphic.php?IM=IM_9yjpso099oCqKkS
Stim_uparam_155_Viewpoint_2_scale_96,https://maastrichtuniversity.eu.qualtrics.com/ControlPanel/Graphic.php?IM=IM_cBnbar6dCaBKsBg
Stim_uparam_155_Viewpoint_3_scale_96,https://maastrichtuniversity.eu.qualtrics.com/ControlPanel/Graphic.php?IM=IM_8DpPDIZn4BAPcXk
Stim_uparam_156_Viewpoint_1_scale_96,https://maastrichtuniversity.eu.qualtrics.com/ControlPanel/Graphic.php?IM=IM_eLoX0wrp59VUbz0
Stim_uparam_156_Viewpoint_2_scale_96,https://maastrichtuniversity.eu.qualtrics.com/ControlPanel/Graphic.php?IM=IM_b8zNLQ1DkpfIeRo
Stim_uparam_156_Viewpoint_3_scale_96,https://maastrichtuniversity.eu.qualtrics.com/ControlPanel/Graphic.php?IM=IM_0oA1xdU5Ev8lGJg
Stim_uparam_157_Viewpoint_1_scale_32,https://maastrichtuniversity.eu.qualtrics.com/ControlPanel/Graphic.php?IM=IM_6MewzAwOjTfYV9k
Stim_uparam_157_Viewpoint_2_scale_32,https://maastrichtuniversity.eu.qualtrics.com/ControlPanel/Graphic.php?IM=IM_3Rd80IbXFroh46W
Stim_uparam_157_Viewpoint_3_scale_32,https://maastrichtuniversity.eu.qualtrics.com/ControlPanel/Graphic.php?IM=IM_5BZH3ImXYkVs61g
Stim_uparam_158_Viewpoint_1_scale_32,https://maastrichtuniversity.eu.qualtrics.com/ControlPanel/Graphic.php?IM=IM_9tvcimIbbATT9em
Stim_uparam_158_Viewpoint_2_scale_32,https://maastrichtuniversity.eu.qualtrics.com/ControlPanel/Graphic.php?IM=IM_agwkUmWMEL9Wmk6
Stim_uparam_158_Viewpoint_3_scale_32,https://maastrichtuniversity.eu.qualtrics.com/ControlPanel/Graphic.php?IM=IM_dosntr9UfSNK8qa
Stim_uparam_159_Viewpoint_1_scale_32,https://maastrichtuniversity.eu.qualtrics.com/ControlPanel/Graphic.php?IM=IM_dmQDyzlgbEk9QPQ
Stim_uparam_159_Viewpoint_2_scale_32,https://maastrichtuniversity.eu.qualtrics.com/ControlPanel/Graphic.php?IM=IM_1YN8KzxQhOFXM2y
Stim_uparam_159_Viewpoint_3_scale_32,https://maastrichtuniversity.eu.qualtrics.com/ControlPanel/Graphic.php?IM=IM_5dK4D8dw5gLY6I6
Stim_uparam_16_Viewpoint_1_scale_96,https://maastrichtuniversity.eu.qualtrics.com/ControlPanel/Graphic.php?IM=IM_5cBW4kxYd1k1d2e
Stim_uparam_16_Viewpoint_2_scale_96,https://maastrichtuniversity.eu.qualtrics.com/ControlPanel/Graphic.php?IM=IM_dgJD71WyeMfYCNg
Stim_uparam_16_Viewpoint_3_scale_96,https://maastrichtuniversity.eu.qualtrics.com/ControlPanel/Graphic.php?IM=IM_5pvLbNJE9nC6eSW
Stim_uparam_160_Viewpoint_1_scale_32,https://maastrichtuniversity.eu.qualtrics.com/ControlPanel/Graphic.php?IM=IM_8J8uZdMTCK7XV1s
Stim_uparam_160_Viewpoint_2_scale_32,https://maastrichtuniversity.eu.qualtrics.com/ControlPanel/Graphic.php?IM=IM_3K9isOBw9dAwaRU
Stim_uparam_160_Viewpoint_3_scale_32,https://maastrichtuniversity.eu.qualtrics.com/ControlPanel/Graphic.php?IM=IM_9Mlx8aKZbGEnFb0
Stim_uparam_162_Viewpoint_1_scale_32,https://maastrichtuniversity.eu.qualtrics.com/ControlPanel/Graphic.php?IM=IM_6YkoZaAy5eZyZIW
Stim_uparam_162_Viewpoint_2_scale_32,https://maastrichtuniversity.eu.qualtrics.com/ControlPanel/Graphic.php?IM=IM_8iHvqGJzLgOrlGe
Stim_uparam_162_Viewpoint_3_scale_32,https://maastrichtuniversity.eu.qualtrics.com/ControlPanel/Graphic.php?IM=IM_7Wo6hhkqVVR4Q86
Stim_uparam_164_Viewpoint_1_scale_32,https://maastrichtuniversity.eu.qualtrics.com/ControlPanel/Graphic.php?IM=IM_b8Z87ahejRjGIL4
Stim_uparam_164_Viewpoint_2_scale_32,https://maastrichtuniversity.eu.qualtrics.com/ControlPanel/Graphic.php?IM=IM_egrUsF0Zm8Zp7sG
Stim_uparam_164_Viewpoint_3_scale_32,https://maastrichtuniversity.eu.qualtrics.com/ControlPanel/Graphic.php?IM=IM_bdx5wBeToGTbLcq
Stim_uparam_17_Viewpoint_1_scale_32,https://maastrichtuniversity.eu.qualtrics.com/ControlPanel/Graphic.php?IM=IM_emIhB5V5EETv8RE
Stim_uparam_17_Viewpoint_2_scale_32,https://maastrichtuniversity.eu.qualtrics.com/ControlPanel/Graphic.php?IM=IM_cSF7cTe9R3QOBH8
Stim_uparam_17_Viewpoint_3_scale_32,https://maastrichtuniversity.eu.qualtrics.com/ControlPanel/Graphic.php?IM=IM_5ijq72WWBcq196C
Stim_uparam_170_Viewpoint_1_scale_96,https://maastrichtuniversity.eu.qualtrics.com/ControlPanel/Graphic.php?IM=IM_eaI7dPuYnSMCJn0
Stim_uparam_170_Viewpoint_2_scale_96,https://maastrichtuniversity.eu.qualtrics.com/ControlPanel/Graphic.php?IM=IM_3OuGD6PNzN9JPRI
Stim_uparam_170_Viewpoint_3_scale_96,https://maastrichtuniversity.eu.qualtrics.com/ControlPanel/Graphic.php?IM=IM_7V8fUma2ypHqL8G
Stim_uparam_171_Viewpoint_1_scale_96,https://maastrichtuniversity.eu.qualtrics.com/ControlPanel/Graphic.php?IM=IM_24dTHcs9Po3ShkW
Stim_uparam_171_Viewpoint_2_scale_96,https://maastrichtuniversity.eu.qualtrics.com/ControlPanel/Graphic.php?IM=IM_1LGyFHtCdHROZiC
Stim_uparam_171_Viewpoint_3_scale_96,https://maastrichtuniversity.eu.qualtrics.com/ControlPanel/Graphic.php?IM=IM_a9MTpMtVNTDxdQ2
Stim_uparam_172_Viewpoint_1_scale_32,https://maastrichtuniversity.eu.qualtrics.com/ControlPanel/Graphic.php?IM=IM_3PZbzRpHFvlxkaO
Stim_uparam_172_Viewpoint_2_scale_32,https://maastrichtuniversity.eu.qualtrics.com/ControlPanel/Graphic.php?IM=IM_0vuBNdBmi4l1NVY
Stim_uparam_172_Viewpoint_3_scale_32,https://maastrichtuniversity.eu.qualtrics.com/ControlPanel/Graphic.php?IM=IM_7Qx1UR64ZqBpkdo
Stim_uparam_174_Viewpoint_1_scale_96,https://maastrichtuniversity.eu.qualtrics.com/ControlPanel/Graphic.php?IM=IM_1Lied5cW4menwlo
Stim_uparam_174_Viewpoint_2_scale_96,https://maastrichtuniversity.eu.qualtrics.com/ControlPanel/Graphic.php?IM=IM_3XljPJlrzjglEWO
Stim_uparam_174_Viewpoint_3_scale_96,https://maastrichtuniversity.eu.qualtrics.com/ControlPanel/Graphic.php?IM=IM_6M7sPXcepGkmqSa
Stim_uparam_175_Viewpoint_1_scale_96,https://maastrichtuniversity.eu.qualtrics.com/ControlPanel/Graphic.php?IM=IM_3wnDyNsUkayvlsi
Stim_uparam_175_Viewpoint_2_scale_96,https://maastrichtuniversity.eu.qualtrics.com/ControlPanel/Graphic.php?IM=IM_bIRsnqhukwSm4Xc
Stim_uparam_175_Viewpoint_3_scale_96,https://maastrichtuniversity.eu.qualtrics.com/ControlPanel/Graphic.php?IM=IM_bPInCuKbfmvKf3w
Stim_uparam_177_Viewpoint_1_scale_96,https://maastrichtuniversity.eu.qualtrics.com/ControlPanel/Graphic.php?IM=IM_blPqdBI4BBz8LEq
Stim_uparam_177_Viewpoint_2_scale_96,https://maastrichtuniversity.eu.qualtrics.com/ControlPanel/Graphic.php?IM=IM_b2ixqv4fW3R87lQ
Stim_uparam_177_Viewpoint_3_scale_96,https://maastrichtuniversity.eu.qualtrics.com/ControlPanel/Graphic.php?IM=IM_8dCxfSrvC9YW9cW
Stim_uparam_178_Viewpoint_1_scale_96,https://maastrichtuniversity.eu.qualtrics.com/ControlPanel/Graphic.php?IM=IM_cG4VlwEK45y0Lk2
Stim_uparam_178_Viewpoint_2_scale_96,https://maastrichtuniversity.eu.qualtrics.com/ControlPanel/Graphic.php?IM=IM_e8US7nnIlJIfvrE
Stim_uparam_178_Viewpoint_3_scale_96,https://maastrichtuniversity.eu.qualtrics.com/ControlPanel/Graphic.php?IM=IM_eb7nR6cBMr1ZA9g
Stim_uparam_18_Viewpoint_1_scale_32,https://maastrichtuniversity.eu.qualtrics.com/ControlPanel/Graphic.php?IM=IM_bNRRN7EfLhPORam
Stim_uparam_18_Viewpoint_2_scale_32,https://maastrichtuniversity.eu.qualtrics.com/ControlPanel/Graphic.php?IM=IM_6XtTBBXQAXbZVfE
Stim_uparam_18_Viewpoint_3_scale_32,https://maastrichtuniversity.eu.qualtrics.com/ControlPanel/Graphic.php?IM=IM_9RfjGhD7LcQdipE
Stim_uparam_180_Viewpoint_1_scale_96,https://maastrichtuniversity.eu.qualtrics.com/ControlPanel/Graphic.php?IM=IM_b1uXwt7jaZfClHU
Stim_uparam_180_Viewpoint_2_scale_96,https://maastrichtuniversity.eu.qualtrics.com/ControlPanel/Graphic.php?IM=IM_d6CaFLBpSVeD8ii
Stim_uparam_180_Viewpoint_3_scale_96,https://maastrichtuniversity.eu.qualtrics.com/ControlPanel/Graphic.php?IM=IM_eWcXuwAd697k1me
Stim_uparam_184_Viewpoint_1_scale_96,https://maastrichtuniversity.eu.qualtrics.com/ControlPanel/Graphic.php?IM=IM_ba3OFtv2zImX5dk
Stim_uparam_184_Viewpoint_2_scale_96,https://maastrichtuniversity.eu.qualtrics.com/ControlPanel/Graphic.php?IM=IM_bdWxBMLXbtpzMtU
Stim_uparam_184_Viewpoint_3_scale_96,https://maastrichtuniversity.eu.qualtrics.com/ControlPanel/Graphic.php?IM=IM_6F5afxSdsAkuDFY
Stim_uparam_187_Viewpoint_1_scale_96,https://maastrichtuniversity.eu.qualtrics.com/ControlPanel/Graphic.php?IM=IM_9TgAhurExwOdpnE
Stim_uparam_187_Viewpoint_2_scale_96,https://maastrichtuniversity.eu.qualtrics.com/ControlPanel/Graphic.php?IM=IM_231dzXVo4JINOQu
Stim_uparam_187_Viewpoint_3_scale_96,https://maastrichtuniversity.eu.qualtrics.com/ControlPanel/Graphic.php?IM=IM_3WWSNMy489CaKXA
Stim_uparam_188_Viewpoint_1_scale_96,https://maastrichtuniversity.eu.qualtrics.com/ControlPanel/Graphic.php?IM=IM_cvkkuiuQlL4ylpA
Stim_uparam_188_Viewpoint_2_scale_96,https://maastrichtuniversity.eu.qualtrics.com/ControlPanel/Graphic.php?IM=IM_42sKo1vFNwG4Ipo
Stim_uparam_188_Viewpoint_3_scale_96,https://maastrichtuniversity.eu.qualtrics.com/ControlPanel/Graphic.php?IM=IM_e8whrLpUSTxtoNg
Stim_uparam_19_Viewpoint_1_scale_96,https://maastrichtuniversity.eu.qualtrics.com/ControlPanel/Graphic.php?IM=IM_5u4gHZsixDEPiTQ
Stim_uparam_19_Viewpoint_2_scale_96,https://maastrichtuniversity.eu.qualtrics.com/ControlPanel/Graphic.php?IM=IM_8diXLifD7YiYzeC
Stim_uparam_19_Viewpoint_3_scale_96,https://maastrichtuniversity.eu.qualtrics.com/ControlPanel/Graphic.php?IM=IM_8wcMFBDV4M6TBKS
Stim_uparam_191_Viewpoint_1_scale_96,https://maastrichtuniversity.eu.qualtrics.com/ControlPanel/Graphic.php?IM=IM_4UXl3JGgDmdFiWW
Stim_uparam_191_Viewpoint_2_scale_96,https://maastrichtuniversity.eu.qualtrics.com/ControlPanel/Graphic.php?IM=IM_bl2IwvDWX6DLw6G
Stim_uparam_191_Viewpoint_3_scale_96,https://maastrichtuniversity.eu.qualtrics.com/ControlPanel/Graphic.php?IM=IM_1AOlQFBo5xKq9bo
Stim_uparam_2_Viewpoint_1_scale_96,https://maastrichtuniversity.eu.qualtrics.com/ControlPanel/Graphic.php?IM=IM_en72brXg3Kziz3M
Stim_uparam_2_Viewpoint_2_scale_96,https://maastrichtuniversity.eu.qualtrics.com/ControlPanel/Graphic.php?IM=IM_7UkJYcWyMO1MFlc
Stim_uparam_2_Viewpoint_3_scale_96,https://maastrichtuniversity.eu.qualtrics.com/ControlPanel/Graphic.php?IM=IM_08k11UNTE3eN6qW
Stim_uparam_25_Viewpoint_1_scale_32,https://maastrichtuniversity.eu.qualtrics.com/ControlPanel/Graphic.php?IM=IM_bEJM0GZPPzbrZCS
Stim_uparam_25_Viewpoint_2_scale_32,https://maastrichtuniversity.eu.qualtrics.com/ControlPanel/Graphic.php?IM=IM_e3XfzpM6myclqOW
Stim_uparam_25_Viewpoint_3_scale_32,https://maastrichtuniversity.eu.qualtrics.com/ControlPanel/Graphic.php?IM=IM_bxUEzLBgZ55pJpI
Stim_uparam_26_Viewpoint_1_scale_32,https://maastrichtuniversity.eu.qualtrics.com/ControlPanel/Graphic.php?IM=IM_bpIUDSvhQcVVu3s
Stim_uparam_26_Viewpoint_2_scale_32,https://maastrichtuniversity.eu.qualtrics.com/ControlPanel/Graphic.php?IM=IM_6riPLJg02x5O2km
Stim_uparam_26_Viewpoint_3_scale_32,https://maastrichtuniversity.eu.qualtrics.com/ControlPanel/Graphic.php?IM=IM_2noxNlJLq79I5Ia
Stim_uparam_27_Viewpoint_1_scale_32,https://maastrichtuniversity.eu.qualtrics.com/ControlPanel/Graphic.php?IM=IM_1Uhml03fUzqlpUa
Stim_uparam_27_Viewpoint_2_scale_32,https://maastrichtuniversity.eu.qualtrics.com/ControlPanel/Graphic.php?IM=IM_aYqyUx2oWHshGp8
Stim_uparam_27_Viewpoint_3_scale_32,https://maastrichtuniversity.eu.qualtrics.com/ControlPanel/Graphic.php?IM=IM_1ZdKWZaXT7kCHZQ
Stim_uparam_29_Viewpoint_1_scale_96,https://maastrichtuniversity.eu.qualtrics.com/ControlPanel/Graphic.php?IM=IM_06qgRfShu8PiP6S
Stim_uparam_29_Viewpoint_2_scale_96,https://maastrichtuniversity.eu.qualtrics.com/ControlPanel/Graphic.php?IM=IM_9z2Urp6bMReS3wW
Stim_uparam_29_Viewpoint_3_scale_96,https://maastrichtuniversity.eu.qualtrics.com/ControlPanel/Graphic.php?IM=IM_enxd1tPNeZzYTv8
Stim_uparam_3_Viewpoint_1_scale_96,https://maastrichtuniversity.eu.qualtrics.com/ControlPanel/Graphic.php?IM=IM_4IA8a3U7NmQogui
Stim_uparam_3_Viewpoint_2_scale_96,https://maastrichtuniversity.eu.qualtrics.com/ControlPanel/Graphic.php?IM=IM_3VI2JDWr4CVXwxw
Stim_uparam_3_Viewpoint_3_scale_96,https://maastrichtuniversity.eu.qualtrics.com/ControlPanel/Graphic.php?IM=IM_6RVm98ua8eJjtWu
Stim_uparam_30_Viewpoint_1_scale_32,https://maastrichtuniversity.eu.qualtrics.com/ControlPanel/Graphic.php?IM=IM_blVhUKglwAxrgHQ
Stim_uparam_30_Viewpoint_2_scale_32,https://maastrichtuniversity.eu.qualtrics.com/ControlPanel/Graphic.php?IM=IM_7PrQtOpakvnXVz0
Stim_uparam_30_Viewpoint_3_scale_32,https://maastrichtuniversity.eu.qualtrics.com/ControlPanel/Graphic.php?IM=IM_cXTFAkGSbvSnbdY
Stim_uparam_32_Viewpoint_1_scale_32,https://maastrichtuniversity.eu.qualtrics.com/ControlPanel/Graphic.php?IM=IM_8J0QlA6JyntHyku
Stim_uparam_32_Viewpoint_2_scale_32,https://maastrichtuniversity.eu.qualtrics.com/ControlPanel/Graphic.php?IM=IM_3z60Sua5MwRhYN0
Stim_uparam_32_Viewpoint_3_scale_32,https://maastrichtuniversity.eu.qualtrics.com/ControlPanel/Graphic.php?IM=IM_cvYlNMFH03z0c2q
Stim_uparam_33_Viewpoint_1_scale_32,https://maastrichtuniversity.eu.qualtrics.com/ControlPanel/Graphic.php?IM=IM_8jOXFnHA8PIFJKC
Stim_uparam_33_Viewpoint_2_scale_32,https://maastrichtuniversity.eu.qualtrics.com/ControlPanel/Graphic.php?IM=IM_54JH27V2ihr0Bim
Stim_uparam_33_Viewpoint_3_scale_32,https://maastrichtuniversity.eu.qualtrics.com/ControlPanel/Graphic.php?IM=IM_a5XclbzGZ7OQpZc
Stim_uparam_36_Viewpoint_1_scale_32,https://maastrichtuniversity.eu.qualtrics.com/ControlPanel/Graphic.php?IM=IM_8G2jJGmT2DQNFeS
Stim_uparam_36_Viewpoint_2_scale_32,https://maastrichtuniversity.eu.qualtrics.com/ControlPanel/Graphic.php?IM=IM_6ooHT1rlBkv7knY
Stim_uparam_36_Viewpoint_3_scale_32,https://maastrichtuniversity.eu.qualtrics.com/ControlPanel/Graphic.php?IM=IM_a985IciuYciY0qa
Stim_uparam_37_Viewpoint_1_scale_32,https://maastrichtuniversity.eu.qualtrics.com/ControlPanel/Graphic.php?IM=IM_3EE48JKj97YZo46
Stim_uparam_37_Viewpoint_2_scale_32,https://maastrichtuniversity.eu.qualtrics.com/ControlPanel/Graphic.php?IM=IM_ebotEY7uQ9E65bE
Stim_uparam_37_Viewpoint_3_scale_32,https://maastrichtuniversity.eu.qualtrics.com/ControlPanel/Graphic.php?IM=IM_7TFqF7O1ueVtHTM
Stim_uparam_40_Viewpoint_1_scale_32,https://maastrichtuniversity.eu.qualtrics.com/ControlPanel/Graphic.php?IM=IM_daSz5GujxT8OT5Q
Stim_uparam_40_Viewpoint_2_scale_32,https://maastrichtuniversity.eu.qualtrics.com/ControlPanel/Graphic.php?IM=IM_e2wk0hBeko9oT9Y
Stim_uparam_40_Viewpoint_3_scale_32,https://maastrichtuniversity.eu.qualtrics.com/ControlPanel/Graphic.php?IM=IM_3adviEG2W0KXkhw
Stim_uparam_42_Viewpoint_1_scale_32,https://maastrichtuniversity.eu.qualtrics.com/ControlPanel/Graphic.php?IM=IM_aXjrntBEgtUXV0G
Stim_uparam_42_Viewpoint_2_scale_32,https://maastrichtuniversity.eu.qualtrics.com/ControlPanel/Graphic.php?IM=IM_0ePSrAyZn83bpUa
Stim_uparam_42_Viewpoint_3_scale_32,https://maastrichtuniversity.eu.qualtrics.com/ControlPanel/Graphic.php?IM=IM_9HbRjDB0GytIrZQ
Stim_uparam_43_Viewpoint_1_scale_96,https://maastrichtuniversity.eu.qualtrics.com/ControlPanel/Graphic.php?IM=IM_b1V86pOWfAcK6Pk
Stim_uparam_43_Viewpoint_2_scale_96,https://maastrichtuniversity.eu.qualtrics.com/ControlPanel/Graphic.php?IM=IM_6KEmW5mXKVjP2PY
Stim_uparam_43_Viewpoint_3_scale_96,https://maastrichtuniversity.eu.qualtrics.com/ControlPanel/Graphic.php?IM=IM_01EVnmBooOohXuK
Stim_uparam_44_Viewpoint_1_scale_32,https://maastrichtuniversity.eu.qualtrics.com/ControlPanel/Graphic.php?IM=IM_eEEjQaHVz3Afzsq
Stim_uparam_44_Viewpoint_2_scale_32,https://maastrichtuniversity.eu.qualtrics.com/ControlPanel/Graphic.php?IM=IM_ewFWNMCiApXImr4
Stim_uparam_44_Viewpoint_3_scale_32,https://maastrichtuniversity.eu.qualtrics.com/ControlPanel/Graphic.php?IM=IM_5dpXZO0pQyXFvsG
Stim_uparam_46_Viewpoint_1_scale_32,https://maastrichtuniversity.eu.qualtrics.com/ControlPanel/Graphic.php?IM=IM_6oop0GrmBQscvPw
Stim_uparam_46_Viewpoint_2_scale_32,https://maastrichtuniversity.eu.qualtrics.com/ControlPanel/Graphic.php?IM=IM_3vM5amedPJursRE
Stim_uparam_46_Viewpoint_3_scale_32,https://maastrichtuniversity.eu.qualtrics.com/ControlPanel/Graphic.php?IM=IM_2fX91sRd7589a4u
Stim_uparam_47_Viewpoint_1_scale_32,https://maastrichtuniversity.eu.qualtrics.com/ControlPanel/Graphic.php?IM=IM_9ELFbhfuve9cVoO
Stim_uparam_47_Viewpoint_2_scale_32,https://maastrichtuniversity.eu.qualtrics.com/ControlPanel/Graphic.php?IM=IM_8p6ZciFGaYgSMkK
Stim_uparam_47_Viewpoint_3_scale_32,https://maastrichtuniversity.eu.qualtrics.com/ControlPanel/Graphic.php?IM=IM_afw1EWxN2KrgzgW
Stim_uparam_48_Viewpoint_1_scale_32,https://maastrichtuniversity.eu.qualtrics.com/ControlPanel/Graphic.php?IM=IM_3JmCfoWr1r8OylE
Stim_uparam_48_Viewpoint_2_scale_32,https://maastrichtuniversity.eu.qualtrics.com/ControlPanel/Graphic.php?IM=IM_86A4MSJ9IWftu1o
Stim_uparam_48_Viewpoint_3_scale_32,https://maastrichtuniversity.eu.qualtrics.com/ControlPanel/Graphic.php?IM=IM_1RL24R6iYrparbw
Stim_uparam_49_Viewpoint_1_scale_32,https://maastrichtuniversity.eu.qualtrics.com/ControlPanel/Graphic.php?IM=IM_82NNCZYgMzhwfd4
Stim_uparam_49_Viewpoint_2_scale_32,https://maastrichtuniversity.eu.qualtrics.com/ControlPanel/Graphic.php?IM=IM_8BJUyEAsJHGO6Bo
Stim_uparam_49_Viewpoint_3_scale_32,https://maastrichtuniversity.eu.qualtrics.com/ControlPanel/Graphic.php?IM=IM_5my2ptvQ8GXchw2
Stim_uparam_50_Viewpoint_1_scale_32,https://maastrichtuniversity.eu.qualtrics.com/ControlPanel/Graphic.php?IM=IM_egHNR850LR0zdk2
Stim_uparam_50_Viewpoint_2_scale_32,https://maastrichtuniversity.eu.qualtrics.com/ControlPanel/Graphic.php?IM=IM_9vshLuiubDBSo98
Stim_uparam_50_Viewpoint_3_scale_32,https://maastrichtuniversity.eu.qualtrics.com/ControlPanel/Graphic.php?IM=IM_00vj2JDJjzOFzQW
Stim_uparam_51_Viewpoint_1_scale_32,https://maastrichtuniversity.eu.qualtrics.com/ControlPanel/Graphic.php?IM=IM_5mMQEhfkStOM4LA
Stim_uparam_51_Viewpoint_2_scale_32,https://maastrichtuniversity.eu.qualtrics.com/ControlPanel/Graphic.php?IM=IM_1X0rUFaOlbXcgf4
Stim_uparam_51_Viewpoint_3_scale_32,https://maastrichtuniversity.eu.qualtrics.com/ControlPanel/Graphic.php?IM=IM_3wayyKAAe0I2KSq
Stim_uparam_52_Viewpoint_1_scale_8,https://maastrichtuniversity.eu.qualtrics.com/ControlPanel/Graphic.php?IM=IM_3fPw4GFEQXECjsi
Stim_uparam_52_Viewpoint_2_scale_8,https://maastrichtuniversity.eu.qualtrics.com/ControlPanel/Graphic.php?IM=IM_1ZWMXyn6tGsR8R8
Stim_uparam_52_Viewpoint_3_scale_8,https://maastrichtuniversity.eu.qualtrics.com/ControlPanel/Graphic.php?IM=IM_6tkxFq6ECAVdJlA
Stim_uparam_53_Viewpoint_1_scale_8,https://maastrichtuniversity.eu.qualtrics.com/ControlPanel/Graphic.php?IM=IM_2faVS8O7cnEFgcm
Stim_uparam_53_Viewpoint_2_scale_8,https://maastrichtuniversity.eu.qualtrics.com/ControlPanel/Graphic.php?IM=IM_5hWIv2XmwhVyxxQ
Stim_uparam_53_Viewpoint_3_scale_8,https://maastrichtuniversity.eu.qualtrics.com/ControlPanel/Graphic.php?IM=IM_0Al49vTgCT1heE6
Stim_uparam_56_Viewpoint_1_scale_8,https://maastrichtuniversity.eu.qualtrics.com/ControlPanel/Graphic.php?IM=IM_cI8iI6wXUkWU8p8
Stim_uparam_56_Viewpoint_2_scale_8,https://maastrichtuniversity.eu.qualtrics.com/ControlPanel/Graphic.php?IM=IM_0GpI2fDbvW4NpRA
Stim_uparam_56_Viewpoint_3_scale_8,https://maastrichtuniversity.eu.qualtrics.com/ControlPanel/Graphic.php?IM=IM_3pKBGCkTa1Qs3fE
Stim_uparam_6_Viewpoint_1_scale_96,https://maastrichtuniversity.eu.qualtrics.com/ControlPanel/Graphic.php?IM=IM_07fz7XK05nItVci
Stim_uparam_6_Viewpoint_2_scale_96,https://maastrichtuniversity.eu.qualtrics.com/ControlPanel/Graphic.php?IM=IM_8pn7D0D7wdp9oLI
Stim_uparam_6_Viewpoint_3_scale_96,https://maastrichtuniversity.eu.qualtrics.com/ControlPanel/Graphic.php?IM=IM_56BjcgNgzN2ryf4
Stim_uparam_60_Viewpoint_1_scale_8,https://maastrichtuniversity.eu.qualtrics.com/ControlPanel/Graphic.php?IM=IM_8JkkOUMtwUqacNU
Stim_uparam_60_Viewpoint_2_scale_8,https://maastrichtuniversity.eu.qualtrics.com/ControlPanel/Graphic.php?IM=IM_cPlt94kdStOOpMy
Stim_uparam_60_Viewpoint_3_scale_8,https://maastrichtuniversity.eu.qualtrics.com/ControlPanel/Graphic.php?IM=IM_4SihQJbmh1EBWQu
Stim_uparam_61_Viewpoint_1_scale_8,https://maastrichtuniversity.eu.qualtrics.com/ControlPanel/Graphic.php?IM=IM_8AOPFQEqL0UGMXs
Stim_uparam_61_Viewpoint_2_scale_8,https://maastrichtuniversity.eu.qualtrics.com/ControlPanel/Graphic.php?IM=IM_54G52iXgEq0XwQm
Stim_uparam_61_Viewpoint_3_scale_8,https://maastrichtuniversity.eu.qualtrics.com/ControlPanel/Graphic.php?IM=IM_7UTH5iR9xwnZ8rA
Stim_uparam_63_Viewpoint_1_scale_32,https://maastrichtuniversity.eu.qualtrics.com/ControlPanel/Graphic.php?IM=IM_2lTUNIFmZTG0982
Stim_uparam_63_Viewpoint_2_scale_32,https://maastrichtuniversity.eu.qualtrics.com/ControlPanel/Graphic.php?IM=IM_0eu6c9cMLmnexiS
Stim_uparam_63_Viewpoint_3_scale_32,https://maastrichtuniversity.eu.qualtrics.com/ControlPanel/Graphic.php?IM=IM_56ysKBhsEKinOzI
Stim_uparam_64_Viewpoint_1_scale_32,https://maastrichtuniversity.eu.qualtrics.com/ControlPanel/Graphic.php?IM=IM_bBIqeUtKpfs6nZ4
Stim_uparam_64_Viewpoint_2_scale_32,https://maastrichtuniversity.eu.qualtrics.com/ControlPanel/Graphic.php?IM=IM_54PDKN8prHUJFae
Stim_uparam_64_Viewpoint_3_scale_32,https://maastrichtuniversity.eu.qualtrics.com/ControlPanel/Graphic.php?IM=IM_0Mp1xJ8mcSKHnJc
Stim_uparam_65_Viewpoint_1_scale_32,https://maastrichtuniversity.eu.qualtrics.com/ControlPanel/Graphic.php?IM=IM_3WBGmNlWmDXFQSG
Stim_uparam_65_Viewpoint_2_scale_32,https://maastrichtuniversity.eu.qualtrics.com/ControlPanel/Graphic.php?IM=IM_bNRGvNpt3RNzmFU
Stim_uparam_65_Viewpoint_3_scale_32,https://maastrichtuniversity.eu.qualtrics.com/ControlPanel/Graphic.php?IM=IM_5vSWtIkz6vbiYZw
Stim_uparam_66_Viewpoint_1_scale_8,https://maastrichtuniversity.eu.qualtrics.com/ControlPanel/Graphic.php?IM=IM_88LgvG3tx1wWlwO
Stim_uparam_66_Viewpoint_2_scale_8,https://maastrichtuniversity.eu.qualtrics.com/ControlPanel/Graphic.php?IM=IM_5tgiKm9lZe6VcOO
Stim_uparam_66_Viewpoint_3_scale_8,https://maastrichtuniversity.eu.qualtrics.com/ControlPanel/Graphic.php?IM=IM_8uM8theQRZzD8i2
Stim_uparam_67_Viewpoint_1_scale_8,https://maastrichtuniversity.eu.qualtrics.com/ControlPanel/Graphic.php?IM=IM_2tTjLwFsHMl6NLg
Stim_uparam_67_Viewpoint_2_scale_8,https://maastrichtuniversity.eu.qualtrics.com/ControlPanel/Graphic.php?IM=IM_6X6ck4ZxtwFkuF0
Stim_uparam_67_Viewpoint_3_scale_8,https://maastrichtuniversity.eu.qualtrics.com/ControlPanel/Graphic.php?IM=IM_cUrXvT9woIVYEhE
Stim_uparam_68_Viewpoint_1_scale_96,https://maastrichtuniversity.eu.qualtrics.com/ControlPanel/Graphic.php?IM=IM_3q2gGnuuWR8R90W
Stim_uparam_68_Viewpoint_2_scale_96,https://maastrichtuniversity.eu.qualtrics.com/ControlPanel/Graphic.php?IM=IM_dotrEegtVDacBuu
Stim_uparam_68_Viewpoint_3_scale_96,https://maastrichtuniversity.eu.qualtrics.com/ControlPanel/Graphic.php?IM=IM_4Jf2Nq9eIUPWFkW
Stim_uparam_69_Viewpoint_1_scale_8,https://maastrichtuniversity.eu.qualtrics.com/ControlPanel/Graphic.php?IM=IM_7W282kYLcHEiZ0i
Stim_uparam_69_Viewpoint_2_scale_8,https://maastrichtuniversity.eu.qualtrics.com/ControlPanel/Graphic.php?IM=IM_6D1DWMR4v8UCrrg
Stim_uparam_69_Viewpoint_3_scale_8,https://maastrichtuniversity.eu.qualtrics.com/ControlPanel/Graphic.php?IM=IM_8uGhAA0Su9jwmxM
Stim_uparam_71_Viewpoint_1_scale_32,https://maastrichtuniversity.eu.qualtrics.com/ControlPanel/Graphic.php?IM=IM_9Wt5mJ5BKB8kyOO
Stim_uparam_71_Viewpoint_2_scale_32,https://maastrichtuniversity.eu.qualtrics.com/ControlPanel/Graphic.php?IM=IM_3W1Tvd6jsJinKp8
Stim_uparam_71_Viewpoint_3_scale_32,https://maastrichtuniversity.eu.qualtrics.com/ControlPanel/Graphic.php?IM=IM_ePYJejRYvk78ima
Stim_uparam_72_Viewpoint_1_scale_8,https://maastrichtuniversity.eu.qualtrics.com/ControlPanel/Graphic.php?IM=IM_1X3i0B8lV3LOcBM
Stim_uparam_72_Viewpoint_2_scale_8,https://maastrichtuniversity.eu.qualtrics.com/ControlPanel/Graphic.php?IM=IM_0UHexeNJshS7hu6
Stim_uparam_72_Viewpoint_3_scale_8,https://maastrichtuniversity.eu.qualtrics.com/ControlPanel/Graphic.php?IM=IM_3QJSbo2qmfJnE7c
Stim_uparam_74_Viewpoint_1_scale_8,https://maastrichtuniversity.eu.qualtrics.com/ControlPanel/Graphic.php?IM=IM_3fK86Mzuo6HnZVs
Stim_uparam_74_Viewpoint_2_scale_8,https://maastrichtuniversity.eu.qualtrics.com/ControlPanel/Graphic.php?IM=IM_3w8QQI8PBuBZwpw
Stim_uparam_74_Viewpoint_3_scale_8,https://maastrichtuniversity.eu.qualtrics.com/ControlPanel/Graphic.php?IM=IM_diKeEqqyL538X0q
Stim_uparam_79_Viewpoint_1_scale_32,https://maastrichtuniversity.eu.qualtrics.com/ControlPanel/Graphic.php?IM=IM_beYGoAstuscfv7w
Stim_uparam_79_Viewpoint_2_scale_32,https://maastrichtuniversity.eu.qualtrics.com/ControlPanel/Graphic.php?IM=IM_cTSXHSQNCxxVbjE
Stim_uparam_79_Viewpoint_3_scale_32,https://maastrichtuniversity.eu.qualtrics.com/ControlPanel/Graphic.php?IM=IM_8o8TKj190edf1B4
Stim_uparam_80_Viewpoint_1_scale_8,https://maastrichtuniversity.eu.qualtrics.com/ControlPanel/Graphic.php?IM=IM_0W0RFk1diRAfWgC
Stim_uparam_80_Viewpoint_2_scale_8,https://maastrichtuniversity.eu.qualtrics.com/ControlPanel/Graphic.php?IM=IM_5zIMOLBMfmeLA4C
Stim_uparam_80_Viewpoint_3_scale_8,https://maastrichtuniversity.eu.qualtrics.com/ControlPanel/Graphic.php?IM=IM_9mKEnJbCVE5zLka
Stim_uparam_81_Viewpoint_1_scale_8,https://maastrichtuniversity.eu.qualtrics.com/ControlPanel/Graphic.php?IM=IM_cUWYZgJU93INUFM
Stim_uparam_81_Viewpoint_2_scale_8,https://maastrichtuniversity.eu.qualtrics.com/ControlPanel/Graphic.php?IM=IM_8HukSjy8jspEQMm
Stim_uparam_81_Viewpoint_3_scale_8,https://maastrichtuniversity.eu.qualtrics.com/ControlPanel/Graphic.php?IM=IM_e4kKVOK0D0lY1wy
Stim_uparam_88_Viewpoint_1_scale_8,https://maastrichtuniversity.eu.qualtrics.com/ControlPanel/Graphic.php?IM=IM_0OjVEhJpUDSdK7k
Stim_uparam_88_Viewpoint_2_scale_8,https://maastrichtuniversity.eu.qualtrics.com/ControlPanel/Graphic.php?IM=IM_9BNpv8tWeaKHhFs
Stim_uparam_88_Viewpoint_3_scale_8,https://maastrichtuniversity.eu.qualtrics.com/ControlPanel/Graphic.php?IM=IM_0ONYRUBwq3lMb8a
Stim_uparam_89_Viewpoint_1_scale_8,https://maastrichtuniversity.eu.qualtrics.com/ControlPanel/Graphic.php?IM=IM_0k37wafAlswV2Wa
Stim_uparam_89_Viewpoint_2_scale_8,https://maastrichtuniversity.eu.qualtrics.com/ControlPanel/Graphic.php?IM=IM_dmKRR6MsUGM3T6u
Stim_uparam_89_Viewpoint_3_scale_8,https://maastrichtuniversity.eu.qualtrics.com/ControlPanel/Graphic.php?IM=IM_8APuUlNg0aXT8SG
Stim_uparam_9_Viewpoint_1_scale_96,https://maastrichtuniversity.eu.qualtrics.com/ControlPanel/Graphic.php?IM=IM_6kWEzhkhIndWKA6
Stim_uparam_9_Viewpoint_2_scale_96,https://maastrichtuniversity.eu.qualtrics.com/ControlPanel/Graphic.php?IM=IM_20hB1gQnbccNZWu
Stim_uparam_9_Viewpoint_3_scale_96,https://maastrichtuniversity.eu.qualtrics.com/ControlPanel/Graphic.php?IM=IM_6M7ySvCeScdzjtc
Stim_uparam_90_Viewpoint_1_scale_8,https://maastrichtuniversity.eu.qualtrics.com/ControlPanel/Graphic.php?IM=IM_01xrKQld1zvGffU
Stim_uparam_90_Viewpoint_2_scale_8,https://maastrichtuniversity.eu.qualtrics.com/ControlPanel/Graphic.php?IM=IM_3z8WCN3m5dtoukm
Stim_uparam_90_Viewpoint_3_scale_8,https://maastrichtuniversity.eu.qualtrics.com/ControlPanel/Graphic.php?IM=IM_3ld743WRqbM1N78
Stim_uparam_91_Viewpoint_1_scale_96,https://maastrichtuniversity.eu.qualtrics.com/ControlPanel/Graphic.php?IM=IM_bKsICG1PH8CQxzo
Stim_uparam_91_Viewpoint_2_scale_96,https://maastrichtuniversity.eu.qualtrics.com/ControlPanel/Graphic.php?IM=IM_a5bo7OMWZca7brU
Stim_uparam_91_Viewpoint_3_scale_96,https://maastrichtuniversity.eu.qualtrics.com/ControlPanel/Graphic.php?IM=IM_6zoxo8oUMzeyXrM
Stim_uparam_93_Viewpoint_1_scale_32,https://maastrichtuniversity.eu.qualtrics.com/ControlPanel/Graphic.php?IM=IM_3sWA4hak7GVcepw
Stim_uparam_93_Viewpoint_2_scale_32,https://maastrichtuniversity.eu.qualtrics.com/ControlPanel/Graphic.php?IM=IM_bm7XKphPtnK3mWa
Stim_uparam_93_Viewpoint_3_scale_32,https://maastrichtuniversity.eu.qualtrics.com/ControlPanel/Graphic.php?IM=IM_78UZjy51FUwEn0W
Stim_uparam_95_Viewpoint_1_scale_8,https://maastrichtuniversity.eu.qualtrics.com/ControlPanel/Graphic.php?IM=IM_2r5YUnyc4eQhwYm
Stim_uparam_95_Viewpoint_2_scale_8,https://maastrichtuniversity.eu.qualtrics.com/ControlPanel/Graphic.php?IM=IM_3Qw8UrT68KiFgQC
Stim_uparam_95_Viewpoint_3_scale_8,https://maastrichtuniversity.eu.qualtrics.com/ControlPanel/Graphic.php?IM=IM_6kYsR3D5TVSbIhw
Stim_uparam_96_Viewpoint_1_scale_8,https://maastrichtuniversity.eu.qualtrics.com/ControlPanel/Graphic.php?IM=IM_0iw9s1KgFLG3Oe2
Stim_uparam_96_Viewpoint_2_scale_8,https://maastrichtuniversity.eu.qualtrics.com/ControlPanel/Graphic.php?IM=IM_42g9VL3LfSov48e
Stim_uparam_96_Viewpoint_3_scale_8,https://maastrichtuniversity.eu.qualtrics.com/ControlPanel/Graphic.php?IM=IM_efehxISeEwcCYHI
Stim_uparam_98_Viewpoint_1_scale_8,https://maastrichtuniversity.eu.qualtrics.com/ControlPanel/Graphic.php?IM=IM_3ORL1fn6MeraxZI
Stim_uparam_98_Viewpoint_2_scale_8,https://maastrichtuniversity.eu.qualtrics.com/ControlPanel/Graphic.php?IM=IM_bseNwYj4xVjC0F8
Stim_uparam_98_Viewpoint_3_scale_8,https://maastrichtuniversity.eu.qualtrics.com/ControlPanel/Graphic.php?IM=IM_8JoHHBTmAzxwPQ2
Stim_uparam_99_Viewpoint_1_scale_8,https://maastrichtuniversity.eu.qualtrics.com/ControlPanel/Graphic.php?IM=IM_1Y2L9Omp7HvRfvM
Stim_uparam_99_Viewpoint_2_scale_8,https://maastrichtuniversity.eu.qualtrics.com/ControlPanel/Graphic.php?IM=IM_3xwgJhaVTePkYJM
Stim_uparam_99_Viewpoint_3_scale_8,https://maastrichtuniversity.eu.qualtrics.com/ControlPanel/Graphic.php?IM=IM_0PVoRcTUvorvZjg
